{
 "location": "Abu Dhabi, UAE",
 "zone": "1A",
 "mlc_limit": 0.26,
 "db20": 50.0,
 "wb20": 30.0,
 "vr_racks": 32,
 "vr_kw": 227,
 "net_racks": 6,
 "net_kw": 100,
 "sto_racks": 10,
 "sto_kw": 40,
 "gpus": 2304,
 "it_kw": 8264,
 "liquid_kw": 7264,
 "air_kw": 1000,
 "fws": 45,
 "fwr": 55,
 "dt": 10,
 "cp": 3.85,
 "rho": 1.03,
 "flow_rack": 343.462362879839,
 "flow_total": 10990.7956121548,
 "approach": 5,
 "mlc": 0.0778315585672798,
 "mlc_margin": 0.700647851664309,
 "pue": 1.08,
 "util": 0.85,
 "uptime": 0.995,
 "energy_mwh": 66124.1613024,
 "water_m3": 9918.62419536,
 "co2_t": 25788.422907936,
 "wue": 0.15,
 "carbon_kg_kwh": 0.39,
 "capex": 328000000,
 "debt_ratio": 0.8,
 "rate": 0.065,
 "tenor": 5,
 "tax": 0.09,
 "gidlr": 0.3,
 "tariff": 0.06,
 "debt": 262400000,
 "equity": 65600000,
 "ds": 63142502.6655805,
 "rev_y1": 75600000,
 "rev_y2": 85575000,
 "ebitda_y1": 60755550.321856,
 "margin_y1": 0.803644845527196,
 "elec_y1": 3967449.678144,
 "equity_irr": 0.00348283951629262,
 "project_irr": 0.0473981776304923,
 "npv": -29426161.8959998,
 "moic": 1.01548022177123,
 "payback": 4.97670502082603,
 "min_dscr": 0.962197375096669,
 "avg_dscr": 1.10851255114345,
 "capex_gpu": 142361.111111111,
 "rev_gpu_hr": 5.01323797112521,
 "opex_gpu_hr": 0.893396714657164,
 "cost_mtok": 0.137869863373019,
 "price_mtok": 0.806871975205717,
 "tok_cap_t": 33.18370301952,
 "energy_pct": 0.0472894966018917,
 "breakeven_tariff": 1.12472791389946,
 "exp_final_mw": 132.224,
 "exp_final_gpus": 36864,
 "exp_capex_total": 5248000000,
 "exp_peak_funding": -2406874390.33696,
 "exp_runrate_ebitda": 1125198261.25269,
 "exp_cash_positive": ">5",
 "exp_blocks": 16,
 "flow_water_230": 330.14354066985646,
 "flow_pg25_230": 348.00151305005676,
 "bench_fac_low": 81.81360000000001,
 "bench_fac_high": 100.82079999999999,
 "bench_it_low": 192.0,
 "bench_it_high": 281.6,
 "fac_block_mid": 91.3172,
 "fac_campus_16": 1461.0752,
 "pue_ref_mwh_saved": 325171.2,
 "pue_ref_usd_saved": 26013696.0
}